{
  "observation.state": {
    "min": [
      0.15508159,
      0.01856658,
      -0.04074211,
      -0.3092265,
      0.3447189,
      -0.32574144,
      -0.03204346,
      -1.0,
      -1.0,
      -1.0,
      -1.0,
      -1.0,
      -1.0,
      -1.0,
      -1.0,
      -1.0,
      -1.0,
      -1.0,
      -1.0,
      -1.0,
      -1.0,
      -1.0,
      -1.0,
      -1.0,
      -1.0,
      -1.0,
      -1.0,
      -1.0,
      -1.0,
      -1.0,
      -1.0,
      -1.0
    ],
    "max": [
      0.25845138,
      0.05214788,
      0.21833655,
      -0.00862224,
      1.30517254,
      0.10082232,
      4.89318752,
      1.0,
      1.0,
      1.0,
      1.0,
      1.0,
      1.0,
      1.0,
      1.0,
      1.0,
      1.0,
      1.0,
      1.0,
      1.0,
      1.0,
      1.0,
      1.0,
      1.0,
      1.0,
      1.0,
      1.0,
      1.0,
      1.0,
      1.0,
      1.0,
      1.0
    ],
    "mean": [
      0.20560201,
      0.03023542,
      0.09977163,
      -0.16583928,
      0.63080984,
      -0.14993262,
      0.61228909,
      0.0,
      0.0,
      0.0,
      0.0,
      0.0,
      0.0,
      0.0,
      0.0,
      0.0,
      0.0,
      0.0,
      0.0,
      0.0,
      0.0,
      0.0,
      0.0,
      0.0,
      0.0,
      0.0,
      0.0,
      0.0,
      0.0,
      0.0,
      0.0,
      0.0
    ],
    "std": [
      0.02539396,
      0.0074246,
      0.07250622,
      0.08532161,
      0.28923927,
      0.14730522,
      1.59833923,
      1.0,
      1.0,
      1.0,
      1.0,
      1.0,
      1.0,
      1.0,
      1.0,
      1.0,
      1.0,
      1.0,
      1.0,
      1.0,
      1.0,
      1.0,
      1.0,
      1.0,
      1.0,
      1.0,
      1.0,
      1.0,
      1.0,
      1.0,
      1.0,
      1.0
    ],
    "q01": [
      0.16670476,
      0.01881839,
      -0.03803918,
      -0.30223492,
      0.34629524,
      -0.32466995,
      -0.03162003,
      -1.0,
      -1.0,
      -1.0,
      -1.0,
      -1.0,
      -1.0,
      -1.0,
      -1.0,
      -1.0,
      -1.0,
      -1.0,
      -1.0,
      -1.0,
      -1.0,
      -1.0,
      -1.0,
      -1.0,
      -1.0,
      -1.0,
      -1.0,
      -1.0,
      -1.0,
      -1.0,
      -1.0,
      -1.0
    ],
    "q99": [
      0.25792015,
      0.05139422,
      0.21799311,
      -0.0169317,
      1.29987919,
      0.1003596,
      4.89242458,
      1.0,
      1.0,
      1.0,
      1.0,
      1.0,
      1.0,
      1.0,
      1.0,
      1.0,
      1.0,
      1.0,
      1.0,
      1.0,
      1.0,
      1.0,
      1.0,
      1.0,
      1.0,
      1.0,
      1.0,
      1.0,
      1.0,
      1.0,
      1.0,
      1.0
    ]
  },
  "action": {
    "min": [
      0.04268437,
      0.01648624,
      -0.04599255,
      -0.31388334,
      0.31908841,
      -0.36857022,
      0.0,
      -1.0,
      -1.0,
      -1.0,
      -1.0,
      -1.0,
      -1.0,
      -1.0,
      -1.0,
      -1.0,
      -1.0,
      -1.0,
      -1.0,
      -1.0,
      -1.0,
      -1.0,
      -1.0,
      -1.0,
      -1.0,
      -1.0,
      -1.0,
      -1.0,
      -1.0,
      -1.0,
      -1.0,
      -1.0
    ],
    "max": [
      0.26273761,
      0.17427276,
      0.2181959,
      0.02061256,
      1.29891386,
      0.15669378,
      5.0,
      1.0,
      1.0,
      1.0,
      1.0,
      1.0,
      1.0,
      1.0,
      1.0,
      1.0,
      1.0,
      1.0,
      1.0,
      1.0,
      1.0,
      1.0,
      1.0,
      1.0,
      1.0,
      1.0,
      1.0,
      1.0,
      1.0,
      1.0,
      1.0,
      1.0
    ],
    "mean": [
      0.20652253,
      0.03098336,
      0.09859813,
      -0.16778427,
      0.6077735,
      -0.16367787,
      0.21174381,
      0.0,
      0.0,
      0.0,
      0.0,
      0.0,
      0.0,
      0.0,
      0.0,
      0.0,
      0.0,
      0.0,
      0.0,
      0.0,
      0.0,
      0.0,
      0.0,
      0.0,
      0.0,
      0.0,
      0.0,
      0.0,
      0.0,
      0.0,
      0.0,
      0.0
    ],
    "std": [
      0.02637365,
      0.0089171,
      0.07294469,
      0.08117729,
      0.27539641,
      0.14624375,
      0.72240009,
      1.0,
      1.0,
      1.0,
      1.0,
      1.0,
      1.0,
      1.0,
      1.0,
      1.0,
      1.0,
      1.0,
      1.0,
      1.0,
      1.0,
      1.0,
      1.0,
      1.0,
      1.0,
      1.0,
      1.0,
      1.0,
      1.0,
      1.0,
      1.0,
      1.0
    ],
    "q01": [
      0.16844454,
      0.01871977,
      -0.04126786,
      -0.28729698,
      0.33231647,
      -0.3424291,
      0.0,
      -1.0,
      -1.0,
      -1.0,
      -1.0,
      -1.0,
      -1.0,
      -1.0,
      -1.0,
      -1.0,
      -1.0,
      -1.0,
      -1.0,
      -1.0,
      -1.0,
      -1.0,
      -1.0,
      -1.0,
      -1.0,
      -1.0,
      -1.0,
      -1.0,
      -1.0,
      -1.0,
      -1.0,
      -1.0
    ],
    "q99": [
      0.26052466,
      0.04848408,
      0.21563225,
      -0.00811586,
      1.27586656,
      0.1106796,
      5.0,
      1.0,
      1.0,
      1.0,
      1.0,
      1.0,
      1.0,
      1.0,
      1.0,
      1.0,
      1.0,
      1.0,
      1.0,
      1.0,
      1.0,
      1.0,
      1.0,
      1.0,
      1.0,
      1.0,
      1.0,
      1.0,
      1.0,
      1.0,
      1.0,
      1.0
    ]
  }
}
